F1,F2,F3,F4,F5,F6
-7.8403176467763585,4.427267537305013,4.110674939644904,4.021861927765735,-8.480127297346435,8.358291116114355
7.866011336833932,-4.231901734512025,-5.365189757710027,-6.763530115649372,-3.511425050472636,0.4709330262538411
6.461708551003887,-4.767487790754614,-5.176114604293236,-3.7423461609127098,-3.3355219675956698,0.8209249492269237
-1.006840570956722,9.088380908618097,6.2684943817993934,0.5930682257258406,-8.583009630506425,-6.935657292172565
-0.05079088103807683,-2.779733385249205,1.6748898678692878,-7.419344660703691,-5.840545221516587,-3.4786332006223546
-2.9945611708818536,9.096160267584644,6.95453740290161,0.10590449134898394,-6.193367000776757,-8.492825464465598
-10.240933028435704,9.073099658685642,0.7784369994728906,3.4685463581250016,-10.306717379653149,10.293121420184328
-3.207287489395779,-5.1049280562315715,0.7405286393575108,-7.860146721366061,-4.240544999085998,-4.122408353824696
-0.8054951611542367,-4.085836514783913,2.0397194741402638,-7.361396070612675,-4.352015309648318,-1.5389930372591014
-1.3283026317460986,-4.933912530739231,2.0066571802418225,-8.134355931227468,-3.26690861817085,-1.6375137994024134
-1.0343548625553651,-3.8749428364283327,2.859265038490992,-8.348955904739931,-3.1179952418753683,-2.7485274206616257
-2.317536003975694,-3.703010918158784,3.7211739229835548,-6.854509438173503,-4.470165059818791,-2.673471728702812
-9.378087436945371,6.54521819009639,2.218145489961857,3.1830787783058767,-9.18005735836948,7.695613439002045
-2.4520660573728836,-4.586231483993746,1.131353225961654,-7.425043817247898,-4.465141313481378,-1.893102601856826
6.947605724374122,-6.505008836529662,-6.789858252063531,-5.183464093734569,-3.801884730271481,-0.9431493456726094
-3.7999167854341143,-4.309696358225465,3.65980603054753,-6.283907384717571,-3.1917095447044663,-1.436632412319948
-2.437631385833358,8.536628681433205,5.118858661974493,2.3068317892276804,-5.842087246893371,-7.390125992130693
6.510396832024662,-6.977516022723843,-6.572523913144013,-7.1824302571406236,-4.495678590613968,1.0837070370653668
-2.5040841664102893,8.779698994823175,3.224508094177687,1.552524361175373,-7.22234170767804,-7.682386862497566
-2.412201658060032,9.609443153635235,3.8216581529946287,4.065556959626193,-7.885644572650972,-8.094298206063678
-1.0435488541311961,8.788509827711787,4.707407040916025,0.5484214977272752,-7.424009915676453,-6.76918700356608
-3.7005011202553986,9.670839736832152,3.66519716600078,2.760254287683184,-5.721031612143866,-7.7007919116276575
-2.496195731174843,10.467820205355638,4.375222002990145,4.693338850530351,-6.253959843386264,-7.737267149692229
0.031365672906643605,-4.425463710638114,2.525751523727447,-6.949800948187942,-4.291415770766185,-1.8619548609663839
-1.0134231436193488,-4.662645760152714,1.5613498152859782,-7.1759703694711385,-5.24435296815844,-3.7585882630113514
-9.084070820721955,7.050799345751033,-0.674586408077396,4.107156689403097,-9.81924464429263,10.094403408053305
7.861950515987619,-5.611500872794572,-4.044171115876294,-5.938591963536952,-3.723106024319214,0.18601216844225588
-2.1915440337142504,-3.6529030907734037,2.6554561153362735,-5.808524194012733,-3.506656936759498,-4.175843435885984
5.439158073167328,-5.153289056438273,-4.83274982351429,-5.113147951234007,-4.128598011739453,1.9858547694947093
5.940446049097973,-7.266932179047304,-8.166640332113932,-7.916045745936813,-3.648028489797762,1.003853655874691
6.972020530193217,-5.900820372733145,-6.82953715772623,-7.926612870198119,-3.401555034239529,-0.037572207017154136
-1.2724420361962476,-3.9781014886335657,1.6194059990132397,-7.526195642986212,-3.541335879524495,-1.4688786969573497
-1.5511386621591796,-4.532862618849588,2.0566662126851822,-5.8372743122826325,-6.368968940625144,-1.1393294328298404
-1.68971810290667,-3.572229764956818,1.6929438923333973,-7.372915693031457,-4.116187853899916,-3.6749505899076387
-2.327331367994255,9.262506714498658,4.180517936687857,1.1233253144759403,-6.049291374607025,-7.736193419184814
6.838434432607179,-4.752171693867336,-9.066732948857226,-5.654034483400416,-4.569230823936669,-1.3355042642116997
-2.1380517496814413,8.4103009414825,4.726468623701002,1.8174924485486526,-5.711845129491463,-6.625688749974733
8.81979553350625,-5.9291035988668135,-6.240295849073502,-5.780424426890856,-3.871552694436792,2.1901796730755105
-1.2037188158984211,9.03528996983108,5.321831807523065,1.662902927347276,-6.555460838662828,-7.0102526476436315
-5.128942727142494,9.836188632573545,4.726925904466273,1.6741623334748645,-6.787866414615768,-8.867678507876839
0.6632099961291673,-5.538591200631972,2.4267640620579853,-7.872104964755772,-3.731219823102601,-2.653615356710414
-2.7850567796078303,-4.442069525273576,1.807813474148928,-6.621569517188443,-5.755231381179384,-2.210590468044223
5.71341411396384,-4.667235670259444,-6.899464100972036,-5.523852004650179,-3.547867827407905,2.3333123094398798
-11.337733471509583,9.614465488089445,0.6327277681005796,2.516052808964017,-8.56573968207431,11.83794944957916
-2.2598836754808134,-5.505730821778151,2.0479375036705565,-6.288472675034703,-4.284656149673171,-1.1616082038788185
-9.133277434928038,8.571264988172437,1.3488096106203071,4.440445718144711,-10.423657167343709,11.543346171013274
-0.06344564343592385,9.143507310173549,4.749273630832994,2.698936307839424,-6.3986179594145565,-6.656225568996815
-1.5830200755211088,10.923702768668452,3.24131126240896,2.536138920631303,-7.530269760273097,-7.367234977040643
-8.552462365911106,7.657979705485728,2.680844507537006,6.1716560946872585,-9.765257341578,8.599899798701433
6.999482915281995,-5.264030656286813,-5.728779187296218,-5.222209960975101,-3.505336483880733,0.25387097802621483
-2.2829594402829985,-5.17937456812066,2.444325223846534,-7.140778449922912,-4.87884458263289,-2.495942261986768
6.0466407556466555,-5.284443530359453,-7.361886095046279,-6.030117903111858,-3.1490748624245555,1.7220618565290648
-1.593795505350676,9.343037237858006,4.110118632461063,2.486437117054088,-6.78254964180323,-5.911464602743058
6.932140687554578,-6.0121227601385545,-5.776806854382713,-6.806813459553848,-3.0438578433520016,-0.8508510476019913
-0.30504281809163336,-3.9521782819100015,2.1821638938313033,-6.924568712101506,-3.6359846009162986,-2.027547548176109
-8.18600487822259,5.747130758514453,3.4988405845900714,5.54154291006836,-10.213872815593481,9.794000576677295
-0.9686836599789181,-4.68438082174666,2.2114835822555956,-8.979198691848282,-4.851820160384695,-3.08204557223927
-0.8767863191211149,7.584144750237689,4.199834349531118,2.1039102612268232,-5.438353902085154,-8.315971744455386
-8.809582933701193,8.601974778106001,2.213399302884079,4.207888104077058,-10.948166255063871,10.144450609267107
5.583739152933063,-6.058442490789145,-6.97301285801727,-6.51888110591677,-3.8585052159121385,1.024821387001488
6.7752323955548475,-3.814288787376192,-7.363831980463562,-7.009654773456175,-3.4012472911503306,0.6747104145843552
-8.192843575494935,9.486777638804163,1.7145219999111747,4.3806018835848475,-9.338926430373196,10.97565032300336
7.104740588090043,-3.588215441533393,-7.00701888623813,-5.404069674850087,-3.858142015912161,0.7637209115080141
6.314077483901895,-6.156866249676473,-7.31862323520734,-5.908310737337863,-1.8526302215661006,-0.5724042816095156
-2.7069705506309,-4.994675055760659,1.760837020902931,-6.335733606246436,-3.894545700293712,-2.4791732227586216
-6.9916907605883445,6.253438149172551,0.4967750639394368,3.4695434860396643,-9.63389613043945,9.641536492562578
6.578354037949344,-5.266716142608275,-6.2990262410478675,-8.307376369285194,-4.854490534628,0.3510410769231418
-7.454054938125492,7.887432035551063,2.6170545765294615,5.014867114701216,-8.829381524297187,9.679388467209261
6.8094267970583005,-5.7501717662810625,-5.926562486111638,-5.141263528144982,-2.9656010053679216,-0.9897693358051463
6.566172130165737,-5.874965294817761,-4.850050912615856,-5.701098118376546,-4.939341965138451,2.3492211989789453
-4.287917871957029,10.510330439687504,5.294244492582159,1.917585013030277,-6.59965856483145,-8.005598640574323
-8.734126652684134,7.2609297875991805,1.2683356459974995,3.880776479054135,-11.281266928279337,9.299857416445136
-2.4393955380627315,8.628972531336562,4.753396181479349,2.6353003584617785,-5.293610375005918,-8.117925092102796
-9.628802212081322,7.794991272634699,3.9043247313392095,5.506871602075886,-7.995123487444554,8.886981366808701
7.190315544213224,-4.99406262613183,-6.940011056584707,-8.922952095076234,-4.461399589061728,0.8869326380473037
-7.154400065178142,6.864638652629763,3.1009810682954715,4.122943086420202,-9.76093741402477,10.281856980726559
-2.171594960977548,8.602409162075855,4.152272612155608,1.540611496121111,-6.485175048772973,-7.301094074096209
-9.919391084235908,7.939458522442967,2.6154014928325595,3.8519051166069187,-9.262177091841833,8.147083466854584
-1.5951194862646665,-3.709058821592827,3.2243924110366917,-7.286073810601685,-4.476954552550481,-2.5210051418774255
1.0515157944552307,-3.3908129081411373,2.217797514713195,-7.473013616167431,-4.134641136483591,-2.125644018950956
-3.6155325970587784,7.818079504117651,5.452404658622299,3.3294097125115547,-6.951637312731604,-5.876576695383923
-0.3962479940602276,-2.5598343724909296,1.0027090225676678,-7.802587046112057,-4.183512786254564,-2.392601975306559
-8.716030253603726,7.866820944535091,2.07116030518988,4.2020432471247915,-10.290301801890706,8.735296125688938
-9.919384297044273,8.376675768831607,1.9827450810075207,4.842952253293533,-9.55999173795349,9.427953182735632
8.80616102927394,-6.358932709437815,-5.621405283848681,-6.032617222524832,-2.6134138514104475,2.05663982937161
-8.344297570353271,7.58419668132261,1.4719950810187554,3.4898281879828574,-9.613864185075396,10.57092606249925
-2.151410262704467,9.575070654566556,5.722930079403378,3.0269717359756347,-8.257296559108362,-7.8179346331910695
-2.147561598005116,8.369166373593197,5.001274441736515,3.511206250406701,-6.915453230261222,-5.315465937461941
-7.1963125964996415,8.333340004841338,1.3341498896864519,6.413887361265218,-8.606544627092356,9.073365659731264
5.0863069591218935,-6.282270463780772,-5.56923597623616,-7.5861992261005735,-3.6215972086426165,-0.8614531719786478
-3.6601912004750528,9.389984146543993,4.039240146309297,1.6814759341474552,-7.481333803380667,-5.027831408767009
7.321426517211167,-3.8533358515392613,-6.496134402240561,-7.306439107601965,-2.8080744715222727,0.37474746869115905
-0.2369869071716717,-3.227890733916303,1.4641802266239807,-6.803070499834628,-5.128763763836923,-4.052381298915097
-2.62152567274358,8.793316528665098,5.254045536271526,2.730677393988037,-7.4101283387617976,-7.455927833920627
-0.35601516554119383,8.246938565310272,5.5121994729487795,2.1565116896790837,-4.689824257933598,-7.688407878631098
-3.837383671951181,9.211147364067445,5.378345416223512,2.1445379651307026,-6.99527547353951,-7.181213288865235
4.09493168110648,-4.818897875195203,-7.730379354273409,-6.556675204824007,-5.085268166868605,-1.3068518049352624
7.085412620166103,-4.849282945348282,-8.726433091399826,-7.341640507641261,-3.2960008798040477,2.552624102356456
-2.4115215245039185,8.241276344342856,4.664389010487044,2.471167975186182,-5.428483583356228,-5.92083876719074
-4.028567589006764,8.530052055332071,5.906789985414724,1.2655002183219513,-6.435807763005042,-6.10547553984661
6.849422013239378,-4.604580437005762,-7.379322474836385,-6.270229953083352,-3.4863386404786727,1.1882342399079013
-4.115643943310323,9.217749764065545,3.883528090943798,0.5509159743430578,-7.526200075393796,-7.961657596890341
-8.017845575438646,7.830796946606001,3.0889749244533293,5.330747146366582,-8.206151123046425,10.046906930829529
5.595170396862081,-6.82102070801367,-5.413193063884412,-4.621296430349398,-4.019604359346717,0.3263069094547466
-10.182778267670287,6.404870969014505,1.0181594681121078,3.39365399081678,-9.622995001470732,9.632411775776406
-0.9580456475302273,9.12996076249118,5.819176020291928,2.040688165350841,-4.818879266269283,-5.124768750832742
5.478935980298147,-8.625479999716127,-6.391015560908624,-4.559658206261579,-2.2538959262613756,0.03803237605848542
-1.9194013811037158,-5.275571429010856,2.6765591250678162,-6.431186283447049,-3.6993341631437513,-0.9982707007786287
-8.10568767942043,7.242806335390121,2.1009354251802663,2.1632508713888012,-8.67198243938147,9.744685519137878
-2.0025812223806376,-3.7434946513652205,3.0374674196752722,-6.455831457145589,-2.968193657820994,-1.964459286925102
-3.4286218572865534,10.564220533215861,3.856625543891864,1.6511081677350563,-6.0661099737816,-8.110973909709902
6.166109293826404,-6.70654639469319,-6.240830339863192,-4.707231344461763,-3.5920758676932163,0.24277513051846966
5.9797800773485195,-4.7133130990384,-6.969116195594852,-4.5059000893843875,-3.2372292694699762,0.0072172244990545975
-0.16699022411031272,-5.156582727178843,1.7726536321382023,-6.748061893707266,-3.3737165200130415,-2.9243020201706615
-1.7975827449638604,7.889644036360452,3.105764665492479,3.250846505839241,-6.547313179171678,-7.6285961298325
-3.101591547291619,8.150295358518505,4.688400464172928,1.1422195675296942,-6.6091703653714315,-6.930347702725084
6.4759067560850125,-4.0415093062921335,-7.7354017987893435,-7.945471200808065,-2.443984813315637,0.28580495549289114
-8.878485707280353,5.892747813380655,2.150404649774965,3.480399898446028,-8.747666565095226,8.745573063937496
-7.6890544303503345,6.620346490372816,1.987311744367214,5.932252191556419,-10.215277171871719,11.210645601236815
6.680856965074202,-6.50663565678066,-5.9035285129188715,-7.00962517268343,-1.9017678932826225,0.6316639637274947
-0.4079629932444401,-3.888293030837337,1.624620519807152,-6.848619261753061,-5.300833236616299,-2.564203428349643
-0.8220559879801854,9.895925885147772,4.631906194911484,3.453113822830758,-6.802258883503652,-7.74139379460421
-0.7543765680215024,-4.358613814759549,2.7715635429281402,-6.322467361085327,-4.477774654852829,-0.8775517782138438
5.169941247234307,-5.569857866655322,-6.378810505030983,-5.752618303330236,-3.795574772395092,-0.47794030823679823
-0.6169076556577484,-4.3566413692572645,1.5876848561261638,-5.888818754686151,-2.737504024782,-3.273186699864871
-2.600206702811586,-5.642942461791601,2.4018187356841065,-7.159235085103145,-3.9837653649252287,-2.428809936217666
-2.8122753172092443,-4.187506143885216,0.9846644500344708,-6.846490904334195,-3.2702196391983365,-3.093524927807219
6.0262034542739835,-5.558610331197234,-7.105971241556036,-7.651932314152029,-4.526924231714531,0.45809183559634525
-3.746148333930832,7.693829515114045,5.161820401844999,2.2701543571739182,-6.629134340805393,-6.533661383778971
-8.637228709921043,8.374177311506315,3.1278261678221595,5.3484818614812895,-8.949579892054766,8.255192130509403
6.782393720790718,-5.905687622815021,-5.655391979169397,-5.375207486136739,-4.701144601317195,-0.8361043209130208
7.887135887442072,-5.731946209698415,-6.054667643259024,-4.6296948582960855,-3.6744019613206773,3.096811746825152
-2.3360166972015683,9.399603507927159,3.7560214000269685,2.12689478988626,-6.82141847270527,-8.023079891106569
6.357041547092892,-7.316408595131134,-5.480390878710828,-6.409746999944126,-4.095635054399871,3.688236200489618
-2.6704833347187593,9.41833698501286,6.526064737438632,2.147747496772571,-6.6220768004285055,-6.954555509042114
6.409920716838742,-6.120042198249164,-6.75525880490181,-7.2543199874298265,-2.2997794513398038,0.17280816343341737
-8.857965555562691,7.876012869915851,2.246214368928837,5.525591985894753,-9.463085611436044,8.968791502114634
6.797520273210547,-6.090303757552516,-6.976903319398927,-6.634379489419452,-4.303331959350475,0.665544855020245
-0.9860735457830929,9.55319617188298,3.602632681901645,1.7828310058571237,-7.755245444536027,-8.262909324240283
-1.8706051642753763,7.352766065929361,4.573799037580785,0.7621534841782753,-7.53146329895343,-6.832710921959532
1.2832437198593496,-5.6783875244343145,2.490797555942163,-6.742429615193729,-3.07132070435629,-2.5747799806552707
-2.9592630945319938,9.63713606054582,3.572258406845507,1.8307901989194386,-6.759331559439371,-6.365670759217197
-1.468401771161914,-3.7277002702288837,0.6661817423790906,-8.336890255868969,-5.3510320356946925,-2.529820039362459
-7.809172119310366,7.796120397911746,2.2783299691780514,5.144142539866423,-7.922835669621374,10.412567108258017
-0.9839992332554988,-4.2046800097241395,3.363108145219758,-7.261516510547649,-5.930139497502518,-1.4108416334121743
-0.6808835217072358,-2.9829096835611866,0.458470310441073,-6.890470961040186,-4.661286860303308,-2.754285807227812
-8.594527042864812,6.759444284761975,0.7419958361932812,5.033908884201054,-8.93810893612529,9.299021179460503
-8.854750652708763,8.511916188946786,4.549232660737797,3.6305827830005883,-10.077749556602173,10.442357920308957
-9.696685536817224,8.023832794907694,1.4466624086264017,4.28346137056627,-7.028225575815156,9.302137143515235
-9.085505139156608,6.641538667500905,1.0206802249692601,3.880351263034954,-7.790623587234428,10.039039904506897
-8.724100107973971,7.4738246769605805,1.6586880226503198,4.104505932199841,-9.280508345191892,7.68802865058326
5.604043621987402,-7.7195743758104785,-4.3072935259176655,-7.435118168653007,-4.136408764395018,0.2183153327558366
-7.900043950660013,6.80747818728133,2.118421011805159,3.6991762672158663,-10.022806341516267,9.089024919771246
-0.5497030726660931,-5.32368048479178,3.0558355382024507,-5.67219086854661,-5.279651835540051,-3.5902659551404295
7.217835895193711,-4.124821163305938,-6.7426283968454745,-6.5354901630336855,-4.496836054757889,-0.5196280980481096
-2.1674416472755906,10.890456967414208,5.5903026744141515,1.3962660282783288,-7.778041862499628,-6.3881904217694405
-2.4333930648590236,8.33712441668621,5.614998569645852,1.8261123024385935,-7.705124387943782,-7.20149543492894
-8.996335655214999,6.896641845551283,1.0101958596040082,2.5065948840551395,-8.765139530122037,9.47151501042829
-1.5005459028386847,-4.625606460890573,2.237585853304187,-6.608916038030048,-5.600961845429179,-4.968944087263404
-2.1707031470793314,-3.7513561515750715,1.7632185473766737,-7.224575057837442,-3.6108227812919376,-2.666340864315228
-1.7745647882809612,-3.915136689456275,1.273298968236979,-8.167273701854207,-3.8133191477457515,-2.721415485696617
-1.9621002418827123,8.812093475764428,4.422197633000881,3.071946535927922,-6.05421084216324,-6.066599957275308
6.3297988803418175,-6.549243643237966,-5.2874935172593895,-6.310598154259382,-2.013964455056238,0.43446781883013647
-2.1302419769449834,-5.115320297148026,3.0665327363793384,-7.403948925731966,-4.421621870606248,-4.676625498532919
-3.2112507169301026,8.686623981600553,4.247770683095943,0.5096547358086134,-6.583506914086694,-6.6190543210960575
-2.125132174113443,8.981591380104229,2.5724367361882248,1.8840496444279435,-8.184096691656123,-6.210437044445908
-2.5439093927579934,7.845608090578789,5.782701650743122,2.7251027166275064,-6.088595244108223,-7.789497048070686
-3.3987120526782735,8.198475843232883,4.562777126813997,2.314321658757376,-6.602936391821251,-6.052926344239923
-2.002586536201995,-3.687544911168087,4.041406004234333,-7.401026578686461,-3.437349087147455,-3.9660360919973296
-8.458129905630047,7.934108660782527,2.5820906827952155,5.24223228147553,-8.754387959535046,9.857377122468323
-2.0073269370014883,-2.4001063034296495,1.0434210626911098,-6.290968613349161,-3.1565247112526587,-3.343383343202811
-7.968260025947256,7.819204803471308,2.172719140007752,4.526412558387134,-7.1848945288456765,9.3405782462063
7.568081750583639,-6.42136187197347,-4.490202879640442,-5.251861737216675,-4.362477036467997,1.7761449943798702
-2.623737468305368,10.252102440171782,3.0454511774337343,1.3737946609869591,-6.874383491433087,-6.833128999511205
-1.7619040179294885,9.624656393631787,4.618977242263953,2.090497067249514,-5.601962295362846,-7.471680982111777
-0.3091520094347666,-5.173477823353574,1.8530866224952383,-6.9599225807074685,-2.1614395395116723,0.43715542187919487
-0.6817263442011818,-5.324211231197817,2.9033703953568017,-6.747531494105211,-5.882913758086234,-3.350327786461821
-0.6906190099164726,-5.247274429079317,0.6832991284315255,-6.3922331289341345,-3.7806975031981205,-3.5748146884836762
5.642310250728794,-4.613339225305431,-5.046385588518122,-6.449978329922402,-6.03701003981784,-0.11269335444967521
5.227042149266592,-4.25188413447899,-6.686180494700124,-6.582742819386371,-2.586960998960188,1.0513586420454173
-0.3434381603141827,-3.903921885213513,2.788534169687113,-6.869533570558666,-3.766411108367493,-3.999235262437249
-3.9653134837848194,-3.9764690492426666,2.6737964461810995,-6.805828031997465,-2.921324837473483,-3.743816813775215
-8.495602410258305,7.780276134652487,2.5920675150963794,4.609160115938224,-8.945587354216407,10.727349573372317
-7.243822693411039,6.476561567180376,1.0309078854078684,2.008061442317194,-10.227271861773453,8.075107249832389
-0.5676109066054722,-5.923949169277342,3.5413981373257424,-8.872614774994837,-3.1245608249539796,-1.5460579972985826
-3.0628469283999324,7.816408235609473,6.604603969144491,2.008433235912461,-7.579352699143856,-6.666129682541724
-2.409546257965109,8.510810474082122,3.0892154051619687,2.0417326587467595,-7.941930904877375,-6.406517162640765
6.6238258572632915,-4.9354514872341895,-4.973293106840674,-5.774099496579462,-3.9048025209658648,-0.8167075997054023
-9.200768698039143,6.203853020872559,0.7276187591432699,5.322278343299429,-10.056011315395843,9.744700924970601
7.562437442241685,-6.556396737114822,-4.870812086898466,-6.6030334039738925,-3.9365224351576815,-0.2520830465030661
-1.2010814013048976,-3.673634459871616,3.3544567103500507,-5.761623557066237,-4.516875675084723,-3.998810820208204
-2.1425993769559017,8.074406341870967,4.1260119188914075,0.9139561620517804,-6.942306288424442,-5.924967272774708
-9.397249603907598,7.700734790563224,3.587824264098516,4.095701294847921,-10.14350964077715,11.279354112680476
-9.07956381449234,7.675578312013,0.7707608106737316,5.605216159994169,-9.67046129247652,10.515492874828013
-1.7974855176842537,-4.285026999964992,2.1486949352422546,-7.580133816841291,-4.415903091962739,-1.074115963621449
-10.217646984650537,6.592592875556784,1.9891732619903786,5.956009419438697,-10.105921413120122,9.621984994878785
6.737259702300283,-4.275687705379215,-7.5051897699914925,-6.525569262211042,-4.631977461412051,-1.3714079844283027
-9.005445836952864,7.470236601932026,3.2288092013725325,3.344515884933673,-9.21963680521105,9.004858230912525
-0.7675429048768233,-7.115805830703442,2.8929586709773507,-7.015386592240388,-4.175815785741534,-3.061281587215052
-0.6882383911908653,-3.583603062297783,1.883017183506566,-7.783724559856064,-4.05525073403365,-1.1237429826309786
-9.48974576025046,6.839637081444382,1.7019529266698554,4.585617502322825,-9.065474626048452,8.824497039301306
-2.728869510890262,9.371398699710069,6.117772880969618,1.4548994656670846,-7.688120794044457,-7.381866636860483
-3.5800901211138623,9.496758543441507,4.41641605090225,2.687170178032824,-6.406389566577725,-6.95293850593282
6.956259513817536,-4.93748057389518,-5.503027167498242,-6.9149872415002624,-4.082276854595657,0.7777085831330569
-7.33492945486886,8.200885206074375,1.8013360610345117,4.18833739491544,-9.379927306136398,7.356462174815595
-1.359894151795461,-4.992505827107352,2.8963035628799947,-6.272552649332605,-5.764666893664611,-3.43548791269238
-10.394956930159914,7.929532866844343,0.7418708823678926,5.916245737905274,-11.670239521967673,11.094653411529924
-0.5539770305203748,-5.14896339574363,2.713415663803809,-6.704652627792536,-3.096897121796757,0.08689690478491174
-8.651560992158933,6.568139983145381,1.4107824318722275,2.7547904590726864,-10.511543360194855,8.046512437623552
6.979733048222893,-4.919688824825553,-8.357236298429443,-5.9578532330837515,-2.687486148335953,-0.7145123860464482
8.710356392644833,-4.544851555841334,-5.339438130046525,-5.739382853730141,-3.136794064642608,-0.056057083683776154
5.601941833326496,-5.216565033907191,-5.17779650119499,-5.612956492266257,-2.919107455003429,-0.2616664559247035
-8.130575821180535,6.7610561396044355,2.6547079739196966,5.134006005547639,-8.966500151866754,7.82797232334943
-1.5369540315897563,-2.513947030311143,2.2579443827435517,-6.979421881240479,-5.417271794468217,-3.289124542165643
7.21436246163998,-7.513980545590295,-5.610159034753455,-5.9507514180485455,-2.6254023867265,1.1683099839147157
-1.5551958595595479,9.66567737950412,4.324609591587755,2.7321389044339996,-7.652452405688842,-7.1169282000159555
7.869886511533789,-5.171120082965861,-6.589984754707819,-7.291349039654803,-4.2873619168802986,1.5838772523489433
-1.688994343670603,-4.020226512180182,3.0621561591152244,-8.077253002670064,-4.815223518370893,-2.9764891629028307
-2.451498704600531,-2.7644848162928914,2.138469762163328,-7.191273164014315,-3.4488926060390797,-2.4395470028626645
-8.871081026852009,6.780098144364938,1.3094544521870113,4.267881783612806,-9.843287331504806,10.902190031822574
-8.756043767360586,8.389003290564055,1.5050117847638034,5.570798996106489,-7.289411990464701,9.035358482800227
-9.826918863786927,6.219933598282932,2.2021943860176543,5.553453842265508,-8.669993508081639,7.827696439616709
-3.272456779595267,7.209404027533802,3.0123363983449387,2.021254630602114,-6.619904689429788,-7.784426218380355
-10.128288656377064,6.028444143435087,1.6865155355740473,5.830473081210302,-9.847901465447556,7.89505409012178
-1.9586098218493269,-2.7530473343406534,3.9759575582451685,-6.231264736177367,-4.071788886730613,-3.481028855767092
-0.37616424839648355,7.062198328675819,4.488093741192518,2.5614868904253085,-6.598635323416238,-7.50280911309654
-1.5843018817924903,-2.685553757437079,0.6361539159710743,-8.038619811739409,-4.260361789444684,-4.315951945280333
-9.078653154794145,6.948702107949106,2.733260203067667,4.605714867406949,-9.949276279903032,10.557526846604134
-8.627310289433392,7.226809803628311,1.477381148055226,4.56058767027298,-9.625944816508799,10.501498925256408
-0.6676207152436915,-4.567429835958291,3.2969942784942114,-6.593116837382466,-3.4735377060951595,-4.0387188453267004
-9.28451118985079,5.433982184553172,1.569993915615099,1.7375722292919522,-11.172212937569675,10.158611699384183
-8.63540473578471,5.807778800501471,3.5698054361942373,5.95732922901643,-10.201098804568337,9.010495483303902
6.096994670115989,-3.1950185007662246,-6.927748254515376,-6.1473584997342865,-2.37304518824137,2.50122152080388
-8.14010444302242,7.717008300920453,2.917493454891908,4.796623357602878,-8.538757398764616,8.862961831679318
-3.3559913411211553,7.499438903512457,4.19336388416108,2.8295684782642043,-6.665533447021066,-8.125848371987935
5.461254396978923,-5.443397076207449,-5.729723774925889,-5.918110705479825,-4.100442799686954,0.3653079329113311
6.219550591491176,-6.445638766308333,-7.7698181195298215,-6.415015375560018,-5.419875514840248,1.25518459633436
-0.7256815969484588,-5.414675590892633,2.296990524713918,-6.9327458490009715,-2.7964484334569857,-3.981583533245278
-2.52771075904514,8.725627489278184,4.962597396566191,1.145938740388409,-6.360280676910098,-5.347370680273369
-8.64180658693454,8.032526673087215,1.932564540576949,5.601568771370381,-10.264702416143221,11.199137476150701
-9.827955893206347,8.264294103486918,1.039812841325866,3.9368184059238844,-9.0382580150594,8.429852588376251
7.187608808454804,-6.673891379513843,-6.19413983182191,-7.745624299836304,-4.026381202157946,-0.4087790088200325
7.185362659578839,-6.651685768225514,-6.335319498488859,-6.341028799575527,-2.8292595749776677,0.96982686552471
-2.784249320204394,6.712364963462736,3.124687774029549,3.3400439513852564,-5.234659477649986,-7.129145632832325
-2.266831928020304,-4.8291835346879814,1.6413966004040978,-5.8356846937883455,-6.292781243274332,0.4649853995338278
-3.3696109883367025,8.629730583968497,5.646171645442542,1.3962778144175831,-6.043935079086128,-8.009816447933565
-2.196242528787708,-2.085878474344388,0.6293968673295312,-7.025382208063438,-2.1335008100659976,-2.665963289566168
-3.9877196134201776,8.294441919803614,4.1792400652683135,3.0302919101596477,-6.536008901582809,-8.643149748638681
-10.186513178741723,8.066787009521418,2.1931656729921176,3.97746821956823,-9.569876181018557,9.745778748601557
-8.224809783905593,6.300730350300298,1.7649236974408304,2.4928674820433194,-9.189086991478671,10.045392982942627
6.380322168102603,-6.644410011849764,-8.515316057187292,-7.051063122173744,-4.12628537963694,-0.4920508945064267
-1.7362960074816223,-4.493132292795395,3.5187016894513583,-6.652431726234038,-5.2685649862326684,-2.426258355694161
-2.9811294888421838,10.103236725165688,4.7041588553235645,0.8954249060114259,-7.594930900411239,-6.200511844341271
5.745150955278308,-5.428858504712874,-7.542540447017791,-5.14423041446976,-4.379772438107638,0.6962882885175965
6.514835649335518,-5.73852959170528,-7.148398968940228,-5.683629369087464,-4.036103289417027,0.9146610765517851
-2.185113653657955,8.629203847782005,3.9629568359221428,2.5848459727815998,-5.848627668655319,-5.948829474159748
0.37141537232740673,-1.944117049846529,2.875108995888347,-6.709278312014706,-5.958164763448376,-3.215436933860188
6.642781904468542,-4.914727011982835,-6.281671297310423,-6.430799456122466,-2.996078657821477,0.20485408845610592
-2.7790725583461215,8.035522412416015,4.19558557615199,2.350470176985584,-6.122638574505919,-7.802274917453572
-10.394909655295761,6.8954077545327905,3.5230600254984865,5.011673298034402,-9.93696224849181,9.048939338921457
-10.245839451353831,6.545706227907828,0.9117243893983469,5.913721999344531,-8.65263172093649,10.669752138234045
-3.2395642547698866,9.230744717780297,4.685450676131915,1.3215693363349148,-4.735683101825945,-6.2461905709579355
-2.980235928671073,9.246336065555958,3.191794494730777,0.5657059095641768,-7.598071412403706,-7.093556744987794
-1.9941623558440904,9.52807207911053,5.154926522534149,5.825901174595453,-6.308736680458103,-5.744543953095348
-1.6550665748218674,-4.247016447897228,0.7191841477667804,-7.567151987765772,-3.266723865775851,-2.0975581180195997
6.716708326535839,-4.900444111312257,-5.878767838563513,-7.178266457922197,-4.558704973126708,1.5250894502259185
-1.3510867495526824,9.805948822161257,5.2639986532802565,2.601515193205012,-6.891873963998185,-7.777363964761778
8.28881734537983,-5.011090295362584,-6.288067016956395,-7.933875614828493,-4.161217628939194,-0.34811796267143447
-10.286341657052255,5.124716958878621,2.462314684917508,3.6593973315682975,-10.609542931214664,10.10655349053924
-3.189222344631241,9.246539825359324,4.932951309526783,1.258818265914364,-5.013852680006513,-6.406276672364159
8.177321242420968,-5.245382030144853,-5.825204576808355,-5.2594024656215215,-4.280107870352131,-0.3440810346942491
-7.417823508646156,6.752776621749227,1.189944661759947,4.632867112307313,-10.140533158364923,10.031128860995397
-8.732952250490051,5.9894974205804985,1.420932590912962,4.481233490063445,-11.18130384761562,9.838671781200285
-1.131028867966283,-3.677674106947767,2.902982146502051,-6.788536176344707,-3.3181665288260245,-3.290016320673089
-0.6202752817375593,-4.688630762510747,2.0084579791075714,-8.204472161567676,-6.719440688090947,-2.863790896726335
-0.1491556417712847,-3.9141666648053053,1.8677807552013868,-7.066734319616912,-5.933342262193957,-2.2641103226454953
-2.4098653176235243,9.76567325157011,2.9704735551067296,2.516529876320667,-7.542250950097117,-6.309510924682788
-11.489297565029023,8.415029767421165,3.268385427361805,2.0880613235127594,-9.9309977081643,9.026756177244094
6.425386833636583,-6.102534582552674,-6.382920261745721,-6.635089585765599,-3.1152132388671956,-1.1211819757918307
-2.281737688448621,10.321428882480749,3.032395601666874,2.157803542473036,-6.619744396902846,-6.098286721498637
6.6926642879875455,-5.900219788062966,-5.399621539063078,-4.121386801339972,-4.472646925817079,-0.8746743469343206
-7.3913498722822775,7.520077692010278,3.0541447743328103,2.675891182883937,-9.321259848214693,10.287827838863324
-4.3806117829785105,-3.9915676512854663,4.0375690759584435,-5.971176434019726,-3.9474476140210113,-3.164399319758213
-9.827932576894591,7.197735995399055,2.07802514715287,5.255643074391857,-11.280774743798771,10.927747362700499
-10.679201987967655,6.043945948763001,1.397481657168497,4.187542606131743,-9.070651093614828,8.67245323008642
8.318757320359842,-5.358546256611496,-7.559383717893172,-5.8873071347111825,-2.7185236541635946,-0.11465427167462494
-2.5226948477906843,7.956575199242421,5.4624237483312905,0.7523260339697098,-6.670763596146514,-8.839779717155722
-8.908493468094658,5.662561981982712,2.4519184539967616,4.36913924308402,-9.316731276888577,8.121448467419576
8.32142520284614,-5.334198777068432,-7.0685125116163965,-6.387678880589029,-3.3568282282875233,0.5711340240571687
-1.9793934451374673,10.455854748856222,2.168234336100812,1.176274428470255,-6.30255506397073,-7.083154979318939
-1.9116364766492686,-5.39612962195332,1.7289176968002788,-7.357903105776634,-4.61035543831865,-1.2202955996554206
-9.283830278036783,8.776907392616405,3.6018723805948882,3.6385915287676407,-10.008496931179808,9.116412434379379
6.548698739528483,-5.956891536611443,-7.241483242614549,-7.158790156971183,-4.141634032710773,0.8624941394609353
6.9162451300803385,-5.4315199802384635,-7.031591109501036,-5.339867453394801,-4.090114897504654,-0.26061652684808745
7.115282798441962,-5.788859268731961,-7.978632471763497,-5.1671704484741525,-4.649746717607295,-0.31512380436962373
5.999575270942429,-6.977158053196733,-6.329417187598762,-7.1018830339899655,-3.6813692290184976,-1.06076701355887
-7.204896224334915,6.177177522480015,2.3249357001032087,3.407175705901551,-9.652448460676943,9.726959453543367
-8.516970541185737,7.745443669733988,3.6360115039228225,4.614985857434888,-9.8324667493746,10.362284211528243
-9.476067740887327,6.792525960496885,1.3991597084394112,3.605974436760654,-10.225697241390469,10.587213574347437
-8.933623289022963,7.602544441269043,2.630196744580715,4.348060679077267,-10.03474372863448,9.592287036138194
-2.54191244246653,-3.061095501370289,2.952439209888834,-6.491937061251228,-3.71863129048591,-2.653146476432176
-1.106403312116651,7.612435065406041,5.226735930028371,4.16362530975071,-7.870163516281958,-7.446407322878718
-4.547322158230604,8.006199817280917,2.7690869152022457,1.6216561998994234,-6.861208811961719,-5.203672281000664
-2.148883379065924,-4.796264794290277,2.0689140758628004,-7.68221336465629,-6.136406839671425,-1.924852878008632
-1.9878168517476502,-3.3130237236564026,3.1901829398236767,-6.69703736686187,-3.43201124244764,-2.1565848470112075
8.533439121943045,-4.209974258162288,-6.852350077644262,-7.451527236220334,-3.7742688938980415,-1.2733107329180944
-7.91430073742911,7.138620779055714,1.4995772143451362,5.210460781757798,-10.29265380462671,7.989735746876327
-0.8628778786609,-3.035268157517895,3.8175985810159636,-8.225216978787032,-4.967964540505975,-3.930340993040782
6.283531264696327,-5.568537480569568,-7.710626945387684,-7.303523841441975,-2.71474123286482,-0.16176564632663848
-8.988383343668538,7.449099368970246,1.849228410580306,4.177030603502376,-10.684585200979154,7.958146160645592
-9.814201009613344,8.377164712106543,1.0729013460322325,6.793833620758299,-9.094992213203062,9.58303316693476
-2.617957771509608,9.415997850297263,5.330022827939214,1.5719492120548957,-6.655534709340853,-6.867517192494152
4.224612555735494,-4.869172390073427,-5.626656758765554,-6.613237360049537,-3.8481644235843735,1.0110678503488568
-7.64885726771137,6.095915100361711,2.6197003047140335,4.8626242982318075,-9.885873617443943,10.773903856551506
-2.1982900574547455,10.489642345147873,5.497538459430121,1.813231153977305,-6.898643399053959,-7.8826389579137555
-1.896901090209983,-5.8827751536321085,1.1205334544989307,-5.974311166952225,-4.313005207232305,-3.221050430616767
-4.534340209710358,9.20074044296775,3.9780923714597134,2.825603018736956,-7.6721479295839705,-6.994846034742846
-8.22555385157344,6.270107352325047,1.3985312741683704,6.075482909787695,-9.778992514847298,9.615629916419609
-1.9077797117449506,-4.4470723063652144,3.9105099847461267,-5.869661735168815,-5.456688266223234,-1.8430307162469914
6.731292568942939,-7.210769285899407,-6.672709732907851,-7.084066208521907,-3.595980630390065,1.8355790786679018
-8.824398464723064,7.2993978283887,2.2203849956320307,4.017091143996966,-10.161972120964187,8.851338101999493
-2.6115073611274027,-3.5709018696837944,3.119390956770999,-7.662213119792243,-4.627149177055139,-2.4068849044741176
5.913322873418669,-4.517124611224039,-5.272190535263719,-5.722771682024146,-5.007467905481825,0.17872018294995534
-9.097369902456714,7.127173066413725,1.9506989754501116,4.124229319411067,-8.860680570446972,9.450142929047185
6.669646523683844,-6.481220727663612,-6.546397096962828,-4.957033383783139,-4.5611193199337805,-0.3040633740054963
6.829874374712142,-7.050049734390323,-5.963812704105346,-6.9832666967231525,-4.443771822559002,1.0814926513998504
-2.2194227661563373,11.089686926843761,5.511003539659794,1.647146151772891,-5.678413268987326,-7.288184966297498
-1.0530490876535827,-4.567065763460953,2.506184835692697,-7.553315062456574,-3.535535139439586,-3.0423734701698
-8.294727602041577,6.952908583412597,2.7939989455125205,1.3129089352908334,-8.439544413711847,7.658483264461786
-1.9326406599969839,9.325536282741858,7.718759644683339,3.0927445953753088,-7.007544782632037,-7.835650033876372
-0.2601399921591141,-2.2170697418185674,1.007508299995173,-6.713423563722641,-4.62241748607569,-2.7787114884303015
-2.390471135339757,-5.528087481882696,0.7146987082296987,-6.097434411969237,-4.786370422988425,-1.1390354242096667
7.945847362569545,-5.776085848733359,-7.362802888152898,-6.836684724159541,-3.0745351143046924,1.0418622008461367
-1.255205174042451,-3.5910042155666773,4.213498478963075,-8.774364398670214,-2.5398944543270128,-2.568407196602953
-2.004210344072293,9.880041322368443,3.439582429172325,1.6386684480997835,-7.354572502312227,-7.533438825849658
-0.8690807791648859,-4.7014520387067416,0.08371497457634547,-6.112970075205467,-4.635944485304041,-3.5355388981692863
-1.394329617802146,-4.383534053311701,2.108520383008659,-9.091971832456801,-4.705831937036598,-2.5799182329850514
-3.987783868832592,10.15804017140525,4.978375243722516,1.5578817700399308,-6.246845325044985,-4.609416735471551
-1.8851880250922777,-4.023062324005439,1.4146379620653893,-6.089092119634691,-4.15689996437744,-2.6820634552647804
-4.4279688383517914,8.987772252749105,4.7001090461691275,4.436411796426018,-7.0719881559323925,-6.578562250942334
-2.036277902132067,-4.319935866754679,1.4446379734476285,-7.518084316598203,-6.050721696249423,-2.4594694267532273
-8.052527597985177,7.748980477283668,1.0553240917349627,4.113740199778929,-9.59191265317452,8.239832354047344
-0.8001801792164465,-4.470897514068322,2.9340122989583257,-7.543942276715173,-2.9839823917089956,-2.3031209419280723
-2.433842652897492,-3.936170331928012,4.311140564197563,-8.129507378545586,-6.687394552041967,-2.958767356006277
-3.3489194652335263,8.4148934827543,2.5159831119182945,1.447414662259971,-7.638759852704968,-6.729715806799739
6.560570767657181,-3.1735084487801584,-7.167175223827718,-4.692792997487256,-2.237454326732805,-0.05845960906323733
4.773680346362691,-5.63819170728706,-6.523633451424628,-5.660569726480858,-3.701958512571556,-0.2568406990940618
7.160055415533416,-4.379559241271519,-6.500949170485679,-5.379035255728385,-2.3028768828206,1.8100430862288046
5.0676621139763025,-4.858179472358361,-6.846561707541428,-6.1851167909457745,-2.302934512553821,1.3919679485102892
-1.4507731362031624,7.255546641775207,3.4566203235623263,-0.06606249381936857,-7.149034025595828,-6.1625673374799845
7.8454243176729275,-5.911747359461447,-6.3908051953679195,-7.2651777620045195,-4.358437392000756,-0.38967408138214366
-3.8294308300733926,10.845744894052675,5.819318956949388,1.5039940318360272,-8.592761720242148,-5.526237219110534
-1.6095977476194996,9.321585649074931,5.452740955067061,2.602798525864344,-7.708622202073342,-7.440290633472916
-8.116655692592776,6.194471144281474,1.497779968584402,4.650826117148827,-10.810437922975897,10.111195473412273
-7.764696006776238,6.297007616087643,2.155269909011052,3.4613307409817358,-8.393263485159109,7.875010138456111
6.873537541760322,-4.820626954561387,-7.78186638879102,-8.0927186149121,-5.4408114553793405,1.7577127360719393
-0.7437433827716533,9.419267839159277,3.378994881893056,2.891031630995508,-4.757470994138637,-5.8476443327247996
-8.862682348896993,9.465793274110567,3.7498434049648868,4.597775225594941,-9.550306635915751,9.518228369958146
4.812647442905139,-5.245226459521933,-7.466867262031862,-8.484800395883806,-3.5265765362782813,2.988128150077548
-9.321514218935384,8.897509678788737,0.7965345718618344,2.697076675711089,-9.363858295523979,10.44529534585204
-3.436128094630833,8.954760772136522,1.3986114961590288,0.9487820426064422,-7.13219534254443,-8.127892775240795
-1.3460338708977906,9.024519189217909,3.6583701851801504,2.435273158204003,-6.6805674955778,-7.480326470434742
6.843237117585772,-6.106384079245165,-6.025016812396297,-6.627311213070353,-3.7466941645396314,1.812726168252717
-2.23076270843238,-3.049982411624392,1.047646001580262,-5.5674498337032,-5.057727763943506,-2.0343712085177827
5.830653932586128,-5.756592243845429,-6.533685278382916,-6.785137852258599,-3.21876769335253,1.450433841215268
-0.8604339057764755,-4.125643508858201,2.2441210530757663,-7.87044392643261,-3.458278609093102,-2.2517901897367762
-2.1822702492885875,8.795185599389457,5.469284417411591,-0.23796562506715313,-6.6440126330427045,-6.10924439938898
-8.616193985002297,6.844774293835226,3.2780563604376964,3.266844253701405,-9.77518175824531,8.958465984965711
6.6730722726811935,-4.340997231019047,-6.443142047103703,-5.87953800668159,-4.977548668956125,0.9234357298524059
-1.7978193631982806,-4.241549810664984,4.336779683614106,-7.45714848770516,-4.515447181316859,-3.320304939761325
-9.565464932460879,7.076004279947198,1.9478668057641293,4.7821236534715865,-9.410609113150697,8.062852684529785
-0.510201664989713,-4.312788984438558,2.6275227443764795,-7.313344539891659,-3.8917446798960085,-3.255521791737748
5.761360638206336,-6.190676086757887,-5.641119298030216,-6.70474295502309,-2.1881912895758404,0.09549244703015491
-9.159962807853393,9.400270899059544,2.404235687095729,4.591493203111979,-8.558026660052109,9.6369862022664
-2.096266168777126,8.450561575394346,3.81765844066167,2.2168568954326444,-6.634660620042547,-7.387052768647076
4.476183269994399,-4.905796109284055,-6.898828841811911,-6.422443085235485,-3.583174810240231,0.6856283124238236
-2.5722715564384666,-3.444653076972637,2.251330962284024,-8.164062206355808,-4.564143342222417,-1.986444677169465
-1.0096514196161022,-3.105266957722734,2.2105366351985296,-8.09199743818688,-4.3201739932394005,-3.417665778932615
-8.156436267009699,9.170230241234737,2.6062284201901393,3.8021594651338493,-8.997655283391643,10.506900623822794
-7.520933691001685,7.521122520191103,4.097561107489441,3.472263737831341,-7.852346310918701,9.596107826702534
-8.885248335515195,7.800563742721825,2.099122125924431,2.8784593317323393,-8.592043294636811,8.904440460078574
6.825294371285661,-6.120245625517799,-7.191090876506707,-6.245765919884949,-4.987294152794853,-2.42622185084985
6.718904979121617,-4.591339483826286,-7.290853790048562,-6.093540820196538,-2.9399575110268157,0.9962228025846025
-6.989371661690665,8.45008794504646,1.753411544309345,3.0549256471792385,-7.014950310834091,9.457415477254374
-2.7173198734100255,8.521285193539489,4.050514079283889,2.8227717809617565,-6.522611705186223,-7.573019188536601
6.4001616898248885,-4.145872210414485,-5.872525704219736,-5.597032016881506,-3.2522738721418327,1.6686024901300822
-3.494923669388294,9.518332643716166,4.10962121785566,1.1802968516783878,-6.986657551105828,-7.915351915695321
-9.961049778198309,7.705932661682754,2.188752443077232,4.653902819929058,-9.299141470176133,11.85349718315078
-1.3666956459867317,-3.5066755404466488,1.1453570183082755,-7.597222489433564,-3.4615692717298594,-1.823661023383022
-2.7481456699191598,8.106722466156723,4.063107505659769,2.728560909766488,-6.378710003526889,-7.857664838074498
-9.409506746418806,7.896105696854862,3.4216556714501776,5.086085238833678,-9.528679744163776,8.751260265534313
-7.287827263821933,6.325168874759912,3.0066226333407595,3.9474627116953998,-9.637773823736383,10.07301653540649
-1.2012432351602849,-5.20309233696512,3.5027657353122903,-8.076297635173663,-3.1876498287689,-2.2455687722544813
-3.348415146275389,8.705073752347108,4.971142267631666,2.948714811063091,-7.35880142899656,-7.065768569939764
-2.7581617715318236,9.985857079152677,5.285254785813249,3.341801241473081,-7.844550651731375,-6.194058133277507
-1.49235659424999,-4.098565313080393,2.012201912639511,-7.860125367782622,-3.9884523573289092,-2.230822484556757
-3.2276395785183016,-3.167903506202239,1.5524280686875858,-6.419497187796394,-6.127210847007472,-1.7801657958268566
7.358304633147475,-6.18870415700432,-5.850394857681905,-6.591456480515241,-3.1763446599217424,1.1104961166578107
-1.5458214938084285,9.42706705513482,5.4619389962225915,3.869962666594679,-7.125015307154141,-7.633845757633436
-1.6395917029470901,10.369923987003272,5.053313739451802,3.8499654964987977,-7.6534163902548435,-8.124764296587363
